Order_ID,Product_ID,Supplier_ID,Order_Date,Quantity,Arrival_Date
PO0001,P001,SUP002,2024-01-01,158,2024-01-06
PO0002,P005,SUP019,2024-01-02,440,2024-01-07
PO0003,P002,SUP036,2024-01-03,423,2024-01-08
PO0004,P004,SUP021,2024-01-04,88,2024-01-09
PO0005,P001,SUP002,2024-01-05,329,2024-01-10
PO0006,P001,SUP040,2024-01-06,415,2024-01-11
PO0007,P001,SUP007,2024-01-07,241,2024-01-12
PO0008,P003,SUP036,2024-01-08,165,2024-01-13
PO0009,P002,SUP026,2024-01-09,189,2024-01-14
PO0010,P002,SUP041,2024-01-10,114,2024-01-15
PO0011,P003,SUP038,2024-01-11,98,2024-01-16
PO0012,P001,SUP003,2024-01-12,178,2024-01-17
PO0013,P005,SUP036,2024-01-13,371,2024-01-18
PO0014,P002,SUP043,2024-01-14,303,2024-01-19
PO0015,P004,SUP003,2024-01-15,390,2024-01-20
PO0016,P002,SUP027,2024-01-16,223,2024-01-21
PO0017,P001,SUP020,2024-01-17,213,2024-01-22
PO0018,P002,SUP045,2024-01-18,303,2024-01-23
PO0019,P004,SUP016,2024-01-19,205,2024-01-24
PO0020,P001,SUP038,2024-01-20,141,2024-01-25
PO0021,P001,SUP005,2024-01-21,344,2024-01-26
PO0022,P002,SUP008,2024-01-22,412,2024-01-27
PO0023,P003,SUP004,2024-01-23,205,2024-01-28
PO0024,P002,SUP049,2024-01-24,404,2024-01-29
PO0025,P005,SUP042,2024-01-25,222,2024-01-30
PO0026,P002,SUP004,2024-01-26,122,2024-01-31
PO0027,P005,SUP028,2024-01-27,170,2024-02-01
PO0028,P005,SUP020,2024-01-28,133,2024-02-02
PO0029,P002,SUP017,2024-01-29,425,2024-02-03
PO0030,P001,SUP018,2024-01-30,110,2024-02-04
PO0031,P004,SUP004,2024-01-31,82,2024-02-05
PO0032,P005,SUP023,2024-02-01,183,2024-02-06
PO0033,P001,SUP033,2024-02-02,197,2024-02-07
PO0034,P001,SUP030,2024-02-03,85,2024-02-08
PO0035,P001,SUP039,2024-02-04,445,2024-02-09
PO0036,P001,SUP012,2024-02-05,367,2024-02-10
PO0037,P003,SUP043,2024-02-06,475,2024-02-11
PO0038,P003,SUP047,2024-02-07,369,2024-02-12
PO0039,P004,SUP016,2024-02-08,196,2024-02-13
PO0040,P004,SUP017,2024-02-09,72,2024-02-14
PO0041,P001,SUP010,2024-02-10,386,2024-02-15
PO0042,P003,SUP028,2024-02-11,255,2024-02-16
PO0043,P002,SUP024,2024-02-12,58,2024-02-17
PO0044,P001,SUP007,2024-02-13,301,2024-02-18
PO0045,P005,SUP035,2024-02-14,185,2024-02-19
PO0046,P001,SUP008,2024-02-15,168,2024-02-20
PO0047,P002,SUP024,2024-02-16,114,2024-02-21
PO0048,P001,SUP032,2024-02-17,52,2024-02-22
PO0049,P005,SUP042,2024-02-18,274,2024-02-23
PO0050,P005,SUP031,2024-02-19,196,2024-02-24
PO0051,P003,SUP044,2024-02-20,368,2024-02-25
PO0052,P003,SUP037,2024-02-21,248,2024-02-26
PO0053,P001,SUP039,2024-02-22,336,2024-02-27
PO0054,P004,SUP033,2024-02-23,424,2024-02-28
PO0055,P001,SUP008,2024-02-24,243,2024-02-29
PO0056,P002,SUP026,2024-02-25,451,2024-03-01
PO0057,P001,SUP002,2024-02-26,302,2024-03-02
PO0058,P001,SUP023,2024-02-27,289,2024-03-03
PO0059,P001,SUP007,2024-02-28,314,2024-03-04
PO0060,P005,SUP045,2024-02-29,454,2024-03-05
PO0061,P004,SUP040,2024-03-01,297,2024-03-06
PO0062,P004,SUP013,2024-03-02,348,2024-03-07
PO0063,P004,SUP024,2024-03-03,319,2024-03-08
PO0064,P002,SUP013,2024-03-04,395,2024-03-09
PO0065,P001,SUP014,2024-03-05,210,2024-03-10
PO0066,P001,SUP005,2024-03-06,403,2024-03-11
PO0067,P005,SUP018,2024-03-07,53,2024-03-12
PO0068,P003,SUP008,2024-03-08,422,2024-03-13
PO0069,P001,SUP035,2024-03-09,319,2024-03-14
PO0070,P004,SUP002,2024-03-10,262,2024-03-15
PO0071,P003,SUP005,2024-03-11,175,2024-03-16
PO0072,P004,SUP049,2024-03-12,214,2024-03-17
PO0073,P002,SUP028,2024-03-13,362,2024-03-18
PO0074,P005,SUP046,2024-03-14,423,2024-03-19
PO0075,P001,SUP040,2024-03-15,221,2024-03-20
PO0076,P003,SUP018,2024-03-16,236,2024-03-21
PO0077,P003,SUP047,2024-03-17,97,2024-03-22
PO0078,P005,SUP035,2024-03-18,359,2024-03-23
PO0079,P005,SUP012,2024-03-19,349,2024-03-24
PO0080,P001,SUP049,2024-03-20,140,2024-03-25
PO0081,P001,SUP024,2024-03-21,342,2024-03-26
PO0082,P002,SUP021,2024-03-22,327,2024-03-27
PO0083,P005,SUP013,2024-03-23,411,2024-03-28
PO0084,P005,SUP032,2024-03-24,483,2024-03-29
PO0085,P004,SUP049,2024-03-25,481,2024-03-30
PO0086,P003,SUP043,2024-03-26,479,2024-03-31
PO0087,P004,SUP029,2024-03-27,297,2024-04-01
PO0088,P003,SUP044,2024-03-28,256,2024-04-02
PO0089,P004,SUP049,2024-03-29,133,2024-04-03
PO0090,P002,SUP003,2024-03-30,90,2024-04-04
PO0091,P005,SUP030,2024-03-31,199,2024-04-05
PO0092,P002,SUP050,2024-04-01,265,2024-04-06
PO0093,P002,SUP012,2024-04-02,304,2024-04-07
PO0094,P004,SUP017,2024-04-03,126,2024-04-08
PO0095,P001,SUP010,2024-04-04,486,2024-04-09
PO0096,P001,SUP031,2024-04-05,111,2024-04-10
PO0097,P005,SUP038,2024-04-06,199,2024-04-11
PO0098,P001,SUP019,2024-04-07,136,2024-04-12
PO0099,P001,SUP037,2024-04-08,430,2024-04-13
PO0100,P004,SUP046,2024-04-09,196,2024-04-14
PO0101,P003,SUP039,2024-04-10,318,2024-04-15
PO0102,P005,SUP015,2024-04-11,165,2024-04-16
PO0103,P001,SUP040,2024-04-12,164,2024-04-17
PO0104,P005,SUP015,2024-04-13,93,2024-04-18
PO0105,P005,SUP050,2024-04-14,301,2024-04-19
PO0106,P001,SUP012,2024-04-15,220,2024-04-20
PO0107,P004,SUP042,2024-04-16,107,2024-04-21
PO0108,P003,SUP030,2024-04-17,265,2024-04-22
PO0109,P005,SUP001,2024-04-18,430,2024-04-23
PO0110,P005,SUP045,2024-04-19,499,2024-04-24
PO0111,P004,SUP027,2024-04-20,93,2024-04-25
PO0112,P004,SUP016,2024-04-21,130,2024-04-26
PO0113,P001,SUP018,2024-04-22,215,2024-04-27
PO0114,P002,SUP016,2024-04-23,442,2024-04-28
PO0115,P001,SUP011,2024-04-24,297,2024-04-29
PO0116,P003,SUP050,2024-04-25,352,2024-04-30
PO0117,P003,SUP020,2024-04-26,370,2024-05-01
PO0118,P004,SUP045,2024-04-27,397,2024-05-02
PO0119,P005,SUP004,2024-04-28,202,2024-05-03
PO0120,P004,SUP041,2024-04-29,346,2024-05-04
PO0121,P003,SUP050,2024-04-30,302,2024-05-05
PO0122,P002,SUP005,2024-05-01,390,2024-05-06
PO0123,P003,SUP039,2024-05-02,416,2024-05-07
PO0124,P004,SUP039,2024-05-03,375,2024-05-08
PO0125,P003,SUP046,2024-05-04,389,2024-05-09
PO0126,P005,SUP042,2024-05-05,172,2024-05-10
PO0127,P004,SUP008,2024-05-06,67,2024-05-11
PO0128,P001,SUP027,2024-05-07,160,2024-05-12
PO0129,P001,SUP049,2024-05-08,165,2024-05-13
PO0130,P001,SUP034,2024-05-09,356,2024-05-14
PO0131,P004,SUP034,2024-05-10,240,2024-05-15
PO0132,P003,SUP029,2024-05-11,161,2024-05-16
PO0133,P002,SUP002,2024-05-12,321,2024-05-17
PO0134,P001,SUP015,2024-05-13,134,2024-05-18
PO0135,P003,SUP014,2024-05-14,437,2024-05-19
PO0136,P005,SUP036,2024-05-15,316,2024-05-20
PO0137,P004,SUP016,2024-05-16,89,2024-05-21
PO0138,P002,SUP002,2024-05-17,170,2024-05-22
PO0139,P004,SUP015,2024-05-18,404,2024-05-23
PO0140,P004,SUP005,2024-05-19,216,2024-05-24
PO0141,P001,SUP004,2024-05-20,459,2024-05-25
PO0142,P004,SUP045,2024-05-21,112,2024-05-26
PO0143,P005,SUP013,2024-05-22,268,2024-05-27
PO0144,P005,SUP012,2024-05-23,251,2024-05-28
PO0145,P002,SUP007,2024-05-24,360,2024-05-29
PO0146,P005,SUP044,2024-05-25,214,2024-05-30
PO0147,P003,SUP003,2024-05-26,347,2024-05-31
PO0148,P001,SUP044,2024-05-27,78,2024-06-01
PO0149,P002,SUP040,2024-05-28,109,2024-06-02
PO0150,P003,SUP032,2024-05-29,125,2024-06-03
PO0151,P005,SUP023,2024-05-30,268,2024-06-04
PO0152,P002,SUP025,2024-05-31,292,2024-06-05
PO0153,P003,SUP021,2024-06-01,398,2024-06-06
PO0154,P004,SUP031,2024-06-02,375,2024-06-07
PO0155,P001,SUP015,2024-06-03,403,2024-06-08
PO0156,P002,SUP047,2024-06-04,329,2024-06-09
PO0157,P003,SUP043,2024-06-05,386,2024-06-10
PO0158,P003,SUP026,2024-06-06,77,2024-06-11
PO0159,P001,SUP050,2024-06-07,242,2024-06-12
PO0160,P002,SUP039,2024-06-08,87,2024-06-13
PO0161,P005,SUP045,2024-06-09,147,2024-06-14
PO0162,P001,SUP007,2024-06-10,377,2024-06-15
PO0163,P001,SUP020,2024-06-11,83,2024-06-16
PO0164,P001,SUP014,2024-06-12,247,2024-06-17
PO0165,P002,SUP032,2024-06-13,345,2024-06-18
PO0166,P003,SUP041,2024-06-14,216,2024-06-19
PO0167,P002,SUP028,2024-06-15,277,2024-06-20
PO0168,P001,SUP012,2024-06-16,294,2024-06-21
PO0169,P002,SUP021,2024-06-17,252,2024-06-22
PO0170,P005,SUP042,2024-06-18,220,2024-06-23
PO0171,P001,SUP024,2024-06-19,50,2024-06-24
PO0172,P005,SUP016,2024-06-20,475,2024-06-25
PO0173,P002,SUP034,2024-06-21,303,2024-06-26
PO0174,P003,SUP009,2024-06-22,101,2024-06-27
PO0175,P005,SUP012,2024-06-23,253,2024-06-28
PO0176,P002,SUP024,2024-06-24,133,2024-06-29
PO0177,P004,SUP008,2024-06-25,274,2024-06-30
PO0178,P001,SUP014,2024-06-26,343,2024-07-01
PO0179,P003,SUP009,2024-06-27,418,2024-07-02
PO0180,P005,SUP007,2024-06-28,441,2024-07-03
PO0181,P002,SUP025,2024-06-29,484,2024-07-04
PO0182,P005,SUP007,2024-06-30,74,2024-07-05
PO0183,P001,SUP002,2024-07-01,203,2024-07-06
PO0184,P005,SUP010,2024-07-02,480,2024-07-07
PO0185,P002,SUP029,2024-07-03,101,2024-07-08
PO0186,P003,SUP024,2024-07-04,134,2024-07-09
PO0187,P003,SUP001,2024-07-05,237,2024-07-10
PO0188,P004,SUP006,2024-07-06,386,2024-07-11
PO0189,P002,SUP008,2024-07-07,448,2024-07-12
PO0190,P003,SUP047,2024-07-08,446,2024-07-13
PO0191,P005,SUP008,2024-07-09,129,2024-07-14
PO0192,P002,SUP009,2024-07-10,106,2024-07-15
PO0193,P001,SUP039,2024-07-11,237,2024-07-16
PO0194,P004,SUP021,2024-07-12,372,2024-07-17
PO0195,P001,SUP036,2024-07-13,144,2024-07-18
PO0196,P004,SUP002,2024-07-14,181,2024-07-19
PO0197,P002,SUP014,2024-07-15,495,2024-07-20
PO0198,P003,SUP048,2024-07-16,446,2024-07-21
PO0199,P005,SUP038,2024-07-17,76,2024-07-22
PO0200,P001,SUP046,2024-07-18,242,2024-07-23
PO0201,P004,SUP020,2024-07-19,339,2024-07-24
PO0202,P002,SUP035,2024-07-20,449,2024-07-25
PO0203,P001,SUP039,2024-07-21,395,2024-07-26
PO0204,P002,SUP031,2024-07-22,255,2024-07-27
PO0205,P003,SUP021,2024-07-23,386,2024-07-28
PO0206,P002,SUP048,2024-07-24,218,2024-07-29
PO0207,P001,SUP036,2024-07-25,391,2024-07-30
PO0208,P003,SUP042,2024-07-26,486,2024-07-31
PO0209,P004,SUP015,2024-07-27,350,2024-08-01
PO0210,P004,SUP050,2024-07-28,419,2024-08-02
PO0211,P002,SUP032,2024-07-29,143,2024-08-03
PO0212,P002,SUP017,2024-07-30,423,2024-08-04
PO0213,P001,SUP027,2024-07-31,339,2024-08-05
PO0214,P004,SUP015,2024-08-01,473,2024-08-06
PO0215,P001,SUP016,2024-08-02,427,2024-08-07
PO0216,P004,SUP001,2024-08-03,153,2024-08-08
PO0217,P004,SUP038,2024-08-04,339,2024-08-09
PO0218,P003,SUP047,2024-08-05,409,2024-08-10
PO0219,P001,SUP046,2024-08-06,438,2024-08-11
PO0220,P004,SUP011,2024-08-07,165,2024-08-12
PO0221,P004,SUP048,2024-08-08,93,2024-08-13
PO0222,P001,SUP045,2024-08-09,221,2024-08-14
PO0223,P001,SUP018,2024-08-10,194,2024-08-15
PO0224,P001,SUP031,2024-08-11,386,2024-08-16
PO0225,P003,SUP047,2024-08-12,310,2024-08-17
PO0226,P001,SUP019,2024-08-13,368,2024-08-18
PO0227,P002,SUP030,2024-08-14,408,2024-08-19
PO0228,P004,SUP043,2024-08-15,130,2024-08-20
PO0229,P005,SUP001,2024-08-16,74,2024-08-21
PO0230,P005,SUP040,2024-08-17,192,2024-08-22
PO0231,P004,SUP027,2024-08-18,245,2024-08-23
PO0232,P002,SUP020,2024-08-19,416,2024-08-24
PO0233,P004,SUP042,2024-08-20,239,2024-08-25
PO0234,P002,SUP041,2024-08-21,498,2024-08-26
PO0235,P002,SUP037,2024-08-22,316,2024-08-27
PO0236,P002,SUP018,2024-08-23,304,2024-08-28
PO0237,P004,SUP027,2024-08-24,473,2024-08-29
PO0238,P003,SUP022,2024-08-25,365,2024-08-30
PO0239,P003,SUP049,2024-08-26,265,2024-08-31
PO0240,P004,SUP050,2024-08-27,170,2024-09-01
PO0241,P001,SUP044,2024-08-28,281,2024-09-02
PO0242,P002,SUP011,2024-08-29,163,2024-09-03
PO0243,P002,SUP011,2024-08-30,117,2024-09-04
PO0244,P002,SUP016,2024-08-31,216,2024-09-05
PO0245,P005,SUP029,2024-09-01,299,2024-09-06
PO0246,P003,SUP018,2024-09-02,227,2024-09-07
PO0247,P003,SUP044,2024-09-03,53,2024-09-08
PO0248,P002,SUP043,2024-09-04,328,2024-09-09
PO0249,P005,SUP050,2024-09-05,481,2024-09-10
PO0250,P003,SUP001,2024-09-06,249,2024-09-11
PO0251,P003,SUP034,2024-09-07,490,2024-09-12
PO0252,P005,SUP024,2024-09-08,310,2024-09-13
PO0253,P003,SUP034,2024-09-09,355,2024-09-14
PO0254,P005,SUP044,2024-09-10,345,2024-09-15
PO0255,P004,SUP012,2024-09-11,490,2024-09-16
PO0256,P001,SUP028,2024-09-12,203,2024-09-17
PO0257,P001,SUP037,2024-09-13,202,2024-09-18
PO0258,P003,SUP010,2024-09-14,306,2024-09-19
PO0259,P003,SUP010,2024-09-15,199,2024-09-20
PO0260,P004,SUP030,2024-09-16,236,2024-09-21
PO0261,P005,SUP014,2024-09-17,146,2024-09-22
PO0262,P003,SUP012,2024-09-18,405,2024-09-23
PO0263,P004,SUP032,2024-09-19,251,2024-09-24
PO0264,P004,SUP007,2024-09-20,488,2024-09-25
PO0265,P002,SUP011,2024-09-21,61,2024-09-26
PO0266,P003,SUP046,2024-09-22,276,2024-09-27
PO0267,P002,SUP016,2024-09-23,221,2024-09-28
PO0268,P004,SUP001,2024-09-24,385,2024-09-29
PO0269,P001,SUP010,2024-09-25,331,2024-09-30
PO0270,P002,SUP048,2024-09-26,438,2024-10-01
PO0271,P001,SUP050,2024-09-27,385,2024-10-02
PO0272,P003,SUP001,2024-09-28,398,2024-10-03
PO0273,P005,SUP005,2024-09-29,256,2024-10-04
PO0274,P001,SUP030,2024-09-30,434,2024-10-05
PO0275,P001,SUP031,2024-10-01,161,2024-10-06
PO0276,P005,SUP038,2024-10-02,95,2024-10-07
PO0277,P001,SUP046,2024-10-03,488,2024-10-08
PO0278,P004,SUP043,2024-10-04,319,2024-10-09
PO0279,P005,SUP043,2024-10-05,406,2024-10-10
PO0280,P002,SUP034,2024-10-06,431,2024-10-11
PO0281,P003,SUP024,2024-10-07,215,2024-10-12
PO0282,P005,SUP026,2024-10-08,303,2024-10-13
PO0283,P002,SUP002,2024-10-09,263,2024-10-14
PO0284,P003,SUP001,2024-10-10,338,2024-10-15
PO0285,P002,SUP007,2024-10-11,172,2024-10-16
PO0286,P001,SUP025,2024-10-12,214,2024-10-17
PO0287,P003,SUP032,2024-10-13,170,2024-10-18
PO0288,P002,SUP034,2024-10-14,136,2024-10-19
PO0289,P004,SUP004,2024-10-15,259,2024-10-20
PO0290,P004,SUP012,2024-10-16,468,2024-10-21
PO0291,P003,SUP006,2024-10-17,449,2024-10-22
PO0292,P002,SUP041,2024-10-18,172,2024-10-23
PO0293,P005,SUP001,2024-10-19,254,2024-10-24
PO0294,P002,SUP026,2024-10-20,80,2024-10-25
PO0295,P005,SUP027,2024-10-21,194,2024-10-26
PO0296,P005,SUP028,2024-10-22,462,2024-10-27
PO0297,P001,SUP033,2024-10-23,337,2024-10-28
PO0298,P003,SUP017,2024-10-24,351,2024-10-29
PO0299,P003,SUP047,2024-10-25,301,2024-10-30
PO0300,P001,SUP005,2024-10-26,495,2024-10-31
PO0301,P001,SUP048,2024-10-27,214,2024-11-01
PO0302,P005,SUP036,2024-10-28,438,2024-11-02
PO0303,P004,SUP010,2024-10-29,193,2024-11-03
PO0304,P004,SUP017,2024-10-30,322,2024-11-04
PO0305,P001,SUP003,2024-10-31,58,2024-11-05
PO0306,P003,SUP024,2024-11-01,292,2024-11-06
PO0307,P004,SUP043,2024-11-02,234,2024-11-07
PO0308,P004,SUP010,2024-11-03,442,2024-11-08
PO0309,P003,SUP007,2024-11-04,211,2024-11-09
PO0310,P002,SUP018,2024-11-05,106,2024-11-10
PO0311,P004,SUP014,2024-11-06,215,2024-11-11
PO0312,P003,SUP033,2024-11-07,140,2024-11-12
PO0313,P002,SUP022,2024-11-08,479,2024-11-13
PO0314,P002,SUP017,2024-11-09,190,2024-11-14
PO0315,P005,SUP003,2024-11-10,232,2024-11-15
PO0316,P002,SUP006,2024-11-11,492,2024-11-16
PO0317,P002,SUP026,2024-11-12,81,2024-11-17
PO0318,P002,SUP039,2024-11-13,454,2024-11-18
PO0319,P002,SUP038,2024-11-14,186,2024-11-19
PO0320,P002,SUP001,2024-11-15,105,2024-11-20
PO0321,P004,SUP046,2024-11-16,216,2024-11-21
PO0322,P004,SUP042,2024-11-17,131,2024-11-22
PO0323,P004,SUP025,2024-11-18,317,2024-11-23
PO0324,P002,SUP023,2024-11-19,433,2024-11-24
PO0325,P005,SUP045,2024-11-20,395,2024-11-25
PO0326,P001,SUP026,2024-11-21,371,2024-11-26
PO0327,P002,SUP013,2024-11-22,108,2024-11-27
PO0328,P003,SUP016,2024-11-23,67,2024-11-28
PO0329,P003,SUP044,2024-11-24,464,2024-11-29
PO0330,P002,SUP050,2024-11-25,314,2024-11-30
PO0331,P003,SUP040,2024-11-26,171,2024-12-01
PO0332,P001,SUP048,2024-11-27,65,2024-12-02
PO0333,P002,SUP018,2024-11-28,92,2024-12-03
PO0334,P003,SUP045,2024-11-29,287,2024-12-04
PO0335,P005,SUP050,2024-11-30,84,2024-12-05
PO0336,P004,SUP024,2024-12-01,408,2024-12-06
PO0337,P003,SUP038,2024-12-02,280,2024-12-07
PO0338,P003,SUP048,2024-12-03,173,2024-12-08
PO0339,P002,SUP041,2024-12-04,460,2024-12-09
PO0340,P002,SUP035,2024-12-05,177,2024-12-10
PO0341,P002,SUP029,2024-12-06,278,2024-12-11
PO0342,P002,SUP009,2024-12-07,149,2024-12-12
PO0343,P003,SUP019,2024-12-08,454,2024-12-13
PO0344,P002,SUP011,2024-12-09,451,2024-12-14
PO0345,P003,SUP014,2024-12-10,155,2024-12-15
PO0346,P005,SUP016,2024-12-11,281,2024-12-16
PO0347,P004,SUP037,2024-12-12,398,2024-12-17
PO0348,P003,SUP048,2024-12-13,389,2024-12-18
PO0349,P001,SUP025,2024-12-14,446,2024-12-19
PO0350,P003,SUP008,2024-12-15,414,2024-12-20
PO0351,P005,SUP031,2024-12-16,387,2024-12-21
PO0352,P004,SUP009,2024-12-17,282,2024-12-22
PO0353,P003,SUP013,2024-12-18,76,2024-12-23
PO0354,P001,SUP027,2024-12-19,494,2024-12-24
PO0355,P001,SUP031,2024-12-20,146,2024-12-25
PO0356,P002,SUP028,2024-12-21,126,2024-12-26
PO0357,P003,SUP010,2024-12-22,74,2024-12-27
PO0358,P003,SUP034,2024-12-23,237,2024-12-28
PO0359,P005,SUP048,2024-12-24,424,2024-12-29
PO0360,P002,SUP002,2024-12-25,476,2024-12-30
PO0361,P004,SUP018,2024-12-26,255,2024-12-31
PO0362,P003,SUP012,2024-12-27,296,2025-01-01
PO0363,P002,SUP050,2024-12-28,475,2025-01-02
PO0364,P002,SUP042,2024-12-29,454,2025-01-03
PO0365,P003,SUP002,2024-12-30,83,2025-01-04
PO0366,P004,SUP030,2024-12-31,161,2025-01-05
PO0367,P003,SUP028,2025-01-01,85,2025-01-06
PO0368,P004,SUP033,2025-01-02,430,2025-01-07
PO0369,P004,SUP050,2025-01-03,128,2025-01-08
PO0370,P003,SUP029,2025-01-04,432,2025-01-09
PO0371,P004,SUP019,2025-01-05,318,2025-01-10
PO0372,P005,SUP005,2025-01-06,384,2025-01-11
PO0373,P001,SUP010,2025-01-07,332,2025-01-12
PO0374,P002,SUP031,2025-01-08,426,2025-01-13
PO0375,P002,SUP015,2025-01-09,80,2025-01-14
PO0376,P001,SUP042,2025-01-10,252,2025-01-15
PO0377,P005,SUP011,2025-01-11,428,2025-01-16
PO0378,P002,SUP039,2025-01-12,342,2025-01-17
PO0379,P001,SUP025,2025-01-13,258,2025-01-18
PO0380,P003,SUP022,2025-01-14,121,2025-01-19
PO0381,P001,SUP021,2025-01-15,396,2025-01-20
PO0382,P002,SUP009,2025-01-16,353,2025-01-21
PO0383,P005,SUP009,2025-01-17,428,2025-01-22
PO0384,P002,SUP021,2025-01-18,204,2025-01-23
PO0385,P003,SUP011,2025-01-19,494,2025-01-24
PO0386,P004,SUP044,2025-01-20,216,2025-01-25
PO0387,P003,SUP026,2025-01-21,76,2025-01-26
PO0388,P002,SUP001,2025-01-22,285,2025-01-27
PO0389,P004,SUP030,2025-01-23,209,2025-01-28
PO0390,P003,SUP043,2025-01-24,488,2025-01-29
PO0391,P004,SUP010,2025-01-25,207,2025-01-30
PO0392,P003,SUP039,2025-01-26,303,2025-01-31
PO0393,P003,SUP049,2025-01-27,169,2025-02-01
PO0394,P002,SUP028,2025-01-28,106,2025-02-02
PO0395,P003,SUP045,2025-01-29,238,2025-02-03
PO0396,P003,SUP050,2025-01-30,239,2025-02-04
PO0397,P003,SUP011,2025-01-31,96,2025-02-05
PO0398,P003,SUP025,2025-02-01,417,2025-02-06
PO0399,P003,SUP023,2025-02-02,416,2025-02-07
PO0400,P002,SUP011,2025-02-03,447,2025-02-08
PO0401,P003,SUP016,2025-02-04,399,2025-02-09
PO0402,P004,SUP039,2025-02-05,64,2025-02-10
PO0403,P003,SUP034,2025-02-06,470,2025-02-11
PO0404,P001,SUP014,2025-02-07,465,2025-02-12
PO0405,P004,SUP035,2025-02-08,67,2025-02-13
PO0406,P001,SUP027,2025-02-09,458,2025-02-14
PO0407,P005,SUP032,2025-02-10,123,2025-02-15
PO0408,P002,SUP040,2025-02-11,216,2025-02-16
PO0409,P003,SUP006,2025-02-12,293,2025-02-17
PO0410,P003,SUP014,2025-02-13,259,2025-02-18
PO0411,P005,SUP033,2025-02-14,413,2025-02-19
PO0412,P002,SUP019,2025-02-15,330,2025-02-20
PO0413,P001,SUP040,2025-02-16,98,2025-02-21
PO0414,P004,SUP034,2025-02-17,289,2025-02-22
PO0415,P003,SUP024,2025-02-18,313,2025-02-23
PO0416,P003,SUP007,2025-02-19,321,2025-02-24
PO0417,P002,SUP039,2025-02-20,80,2025-02-25
PO0418,P002,SUP030,2025-02-21,62,2025-02-26
PO0419,P004,SUP006,2025-02-22,443,2025-02-27
PO0420,P003,SUP004,2025-02-23,215,2025-02-28
PO0421,P004,SUP002,2025-02-24,473,2025-03-01
PO0422,P004,SUP014,2025-02-25,446,2025-03-02
PO0423,P003,SUP029,2025-02-26,79,2025-03-03
PO0424,P004,SUP013,2025-02-27,225,2025-03-04
PO0425,P003,SUP027,2025-02-28,300,2025-03-05
PO0426,P004,SUP009,2025-03-01,129,2025-03-06
PO0427,P003,SUP046,2025-03-02,476,2025-03-07
PO0428,P003,SUP017,2025-03-03,332,2025-03-08
PO0429,P004,SUP018,2025-03-04,238,2025-03-09
PO0430,P002,SUP010,2025-03-05,469,2025-03-10
PO0431,P001,SUP050,2025-03-06,361,2025-03-11
PO0432,P004,SUP019,2025-03-07,228,2025-03-12
PO0433,P004,SUP033,2025-03-08,237,2025-03-13
PO0434,P003,SUP019,2025-03-09,369,2025-03-14
PO0435,P001,SUP014,2025-03-10,304,2025-03-15
PO0436,P005,SUP049,2025-03-11,445,2025-03-16
PO0437,P004,SUP011,2025-03-12,236,2025-03-17
PO0438,P004,SUP025,2025-03-13,136,2025-03-18
PO0439,P004,SUP021,2025-03-14,221,2025-03-19
PO0440,P001,SUP003,2025-03-15,470,2025-03-20
PO0441,P003,SUP009,2025-03-16,160,2025-03-21
PO0442,P002,SUP022,2025-03-17,250,2025-03-22
PO0443,P001,SUP004,2025-03-18,208,2025-03-23
PO0444,P003,SUP033,2025-03-19,326,2025-03-24
PO0445,P003,SUP006,2025-03-20,268,2025-03-25
PO0446,P005,SUP004,2025-03-21,493,2025-03-26
PO0447,P004,SUP016,2025-03-22,492,2025-03-27
PO0448,P004,SUP020,2025-03-23,372,2025-03-28
PO0449,P002,SUP013,2025-03-24,417,2025-03-29
PO0450,P005,SUP011,2025-03-25,52,2025-03-30
PO0451,P003,SUP050,2025-03-26,335,2025-03-31
PO0452,P005,SUP030,2025-03-27,231,2025-04-01
PO0453,P002,SUP050,2025-03-28,347,2025-04-02
PO0454,P003,SUP038,2025-03-29,441,2025-04-03
PO0455,P002,SUP017,2025-03-30,180,2025-04-04
PO0456,P003,SUP003,2025-03-31,154,2025-04-05
PO0457,P005,SUP033,2025-04-01,118,2025-04-06
PO0458,P005,SUP049,2025-04-02,388,2025-04-07
PO0459,P002,SUP031,2025-04-03,84,2025-04-08
PO0460,P004,SUP025,2025-04-04,199,2025-04-09
PO0461,P004,SUP004,2025-04-05,445,2025-04-10
PO0462,P005,SUP014,2025-04-06,56,2025-04-11
PO0463,P002,SUP003,2025-04-07,157,2025-04-12
PO0464,P003,SUP044,2025-04-08,96,2025-04-13
PO0465,P001,SUP033,2025-04-09,71,2025-04-14
PO0466,P001,SUP010,2025-04-10,252,2025-04-15
PO0467,P003,SUP002,2025-04-11,493,2025-04-16
PO0468,P004,SUP045,2025-04-12,179,2025-04-17
PO0469,P004,SUP046,2025-04-13,128,2025-04-18
PO0470,P005,SUP008,2025-04-14,335,2025-04-19
PO0471,P004,SUP026,2025-04-15,293,2025-04-20
PO0472,P001,SUP049,2025-04-16,277,2025-04-21
PO0473,P002,SUP026,2025-04-17,496,2025-04-22
PO0474,P001,SUP039,2025-04-18,305,2025-04-23
PO0475,P002,SUP050,2025-04-19,75,2025-04-24
PO0476,P004,SUP003,2025-04-20,104,2025-04-25
PO0477,P002,SUP004,2025-04-21,167,2025-04-26
PO0478,P005,SUP002,2025-04-22,189,2025-04-27
PO0479,P005,SUP007,2025-04-23,487,2025-04-28
PO0480,P004,SUP011,2025-04-24,217,2025-04-29
PO0481,P003,SUP023,2025-04-25,208,2025-04-30
PO0482,P004,SUP024,2025-04-26,210,2025-05-01
PO0483,P001,SUP033,2025-04-27,207,2025-05-02
PO0484,P005,SUP004,2025-04-28,99,2025-05-03
PO0485,P003,SUP049,2025-04-29,429,2025-05-04
PO0486,P002,SUP019,2025-04-30,464,2025-05-05
PO0487,P004,SUP040,2025-05-01,408,2025-05-06
PO0488,P005,SUP031,2025-05-02,398,2025-05-07
PO0489,P003,SUP043,2025-05-03,464,2025-05-08
PO0490,P001,SUP036,2025-05-04,414,2025-05-09
PO0491,P002,SUP035,2025-05-05,429,2025-05-10
PO0492,P005,SUP028,2025-05-06,415,2025-05-11
PO0493,P003,SUP026,2025-05-07,66,2025-05-12
PO0494,P004,SUP018,2025-05-08,491,2025-05-13
PO0495,P001,SUP008,2025-05-09,224,2025-05-14
PO0496,P005,SUP011,2025-05-10,383,2025-05-15
PO0497,P001,SUP011,2025-05-11,61,2025-05-16
PO0498,P002,SUP029,2025-05-12,116,2025-05-17
PO0499,P002,SUP025,2025-05-13,459,2025-05-18
PO0500,P005,SUP002,2025-05-14,477,2025-05-19
PO0501,P002,SUP014,2025-05-15,332,2025-05-20
PO0502,P004,SUP027,2025-05-16,321,2025-05-21
PO0503,P004,SUP007,2025-05-17,309,2025-05-22
PO0504,P002,SUP044,2025-05-18,109,2025-05-23
PO0505,P003,SUP003,2025-05-19,245,2025-05-24
PO0506,P003,SUP009,2025-05-20,112,2025-05-25
PO0507,P002,SUP012,2025-05-21,268,2025-05-26
PO0508,P001,SUP017,2025-05-22,103,2025-05-27
PO0509,P005,SUP011,2025-05-23,413,2025-05-28
PO0510,P003,SUP013,2025-05-24,453,2025-05-29
PO0511,P001,SUP019,2025-05-25,146,2025-05-30
PO0512,P001,SUP048,2025-05-26,74,2025-05-31
PO0513,P005,SUP020,2025-05-27,175,2025-06-01
PO0514,P005,SUP023,2025-05-28,82,2025-06-02
PO0515,P003,SUP014,2025-05-29,230,2025-06-03
PO0516,P002,SUP004,2025-05-30,306,2025-06-04
PO0517,P005,SUP007,2025-05-31,332,2025-06-05
PO0518,P004,SUP034,2025-06-01,129,2025-06-06
PO0519,P005,SUP017,2025-06-02,267,2025-06-07
PO0520,P004,SUP026,2025-06-03,213,2025-06-08
PO0521,P001,SUP021,2025-06-04,377,2025-06-09
PO0522,P003,SUP034,2025-06-05,464,2025-06-10
PO0523,P001,SUP035,2025-06-06,157,2025-06-11
PO0524,P003,SUP021,2025-06-07,80,2025-06-12
PO0525,P004,SUP005,2025-06-08,419,2025-06-13
PO0526,P005,SUP049,2025-06-09,309,2025-06-14
PO0527,P005,SUP020,2025-06-10,380,2025-06-15
PO0528,P004,SUP004,2025-06-11,427,2025-06-16
PO0529,P002,SUP048,2025-06-12,297,2025-06-17
PO0530,P001,SUP032,2025-06-13,64,2025-06-18
PO0531,P005,SUP043,2025-06-14,144,2025-06-19
PO0532,P001,SUP006,2025-06-15,299,2025-06-20
PO0533,P001,SUP022,2025-06-16,213,2025-06-21
PO0534,P002,SUP003,2025-06-17,391,2025-06-22
PO0535,P001,SUP041,2025-06-18,125,2025-06-23
PO0536,P002,SUP008,2025-06-19,230,2025-06-24
PO0537,P002,SUP028,2025-06-20,476,2025-06-25
PO0538,P002,SUP037,2025-06-21,149,2025-06-26
PO0539,P003,SUP020,2025-06-22,311,2025-06-27
PO0540,P002,SUP008,2025-06-23,144,2025-06-28
PO0541,P004,SUP040,2025-06-24,459,2025-06-29
PO0542,P002,SUP024,2025-06-25,241,2025-06-30
PO0543,P004,SUP043,2025-06-26,63,2025-07-01
PO0544,P001,SUP015,2025-06-27,447,2025-07-02
PO0545,P005,SUP039,2025-06-28,332,2025-07-03
PO0546,P004,SUP034,2025-06-29,386,2025-07-04
PO0547,P004,SUP012,2025-06-30,418,2025-07-05
PO0548,P002,SUP020,2025-07-01,66,2025-07-06
PO0549,P003,SUP043,2025-07-02,203,2025-07-07
PO0550,P003,SUP025,2025-07-03,461,2025-07-08
PO0551,P004,SUP025,2025-07-04,446,2025-07-09
PO0552,P003,SUP023,2025-07-05,348,2025-07-10
PO0553,P005,SUP013,2025-07-06,161,2025-07-11
PO0554,P002,SUP027,2025-07-07,55,2025-07-12
PO0555,P003,SUP022,2025-07-08,105,2025-07-13
PO0556,P003,SUP024,2025-07-09,344,2025-07-14
PO0557,P003,SUP008,2025-07-10,406,2025-07-15
PO0558,P002,SUP040,2025-07-11,90,2025-07-16
PO0559,P002,SUP021,2025-07-12,392,2025-07-17
PO0560,P005,SUP034,2025-07-13,463,2025-07-18
PO0561,P005,SUP018,2025-07-14,220,2025-07-19
PO0562,P004,SUP047,2025-07-15,223,2025-07-20
PO0563,P004,SUP027,2025-07-16,55,2025-07-21
PO0564,P002,SUP035,2025-07-17,492,2025-07-22
PO0565,P004,SUP005,2025-07-18,466,2025-07-23
PO0566,P001,SUP023,2025-07-19,474,2025-07-24
PO0567,P004,SUP047,2025-07-20,240,2025-07-25
PO0568,P005,SUP021,2025-07-21,348,2025-07-26
PO0569,P002,SUP019,2025-07-22,343,2025-07-27
PO0570,P002,SUP024,2025-07-23,495,2025-07-28
PO0571,P001,SUP010,2025-07-24,113,2025-07-29
PO0572,P005,SUP042,2025-07-25,218,2025-07-30
PO0573,P005,SUP007,2025-07-26,79,2025-07-31
PO0574,P005,SUP050,2025-07-27,398,2025-08-01
PO0575,P005,SUP008,2025-07-28,261,2025-08-02
PO0576,P004,SUP040,2025-07-29,480,2025-08-03
PO0577,P005,SUP039,2025-07-30,347,2025-08-04
PO0578,P005,SUP014,2025-07-31,426,2025-08-05
PO0579,P005,SUP047,2025-08-01,451,2025-08-06
PO0580,P001,SUP003,2025-08-02,449,2025-08-07
PO0581,P004,SUP025,2025-08-03,182,2025-08-08
PO0582,P001,SUP014,2025-08-04,56,2025-08-09
PO0583,P002,SUP003,2025-08-05,290,2025-08-10
PO0584,P002,SUP048,2025-08-06,429,2025-08-11
PO0585,P001,SUP044,2025-08-07,52,2025-08-12
PO0586,P005,SUP005,2025-08-08,100,2025-08-13
PO0587,P003,SUP006,2025-08-09,96,2025-08-14
PO0588,P004,SUP044,2025-08-10,343,2025-08-15
PO0589,P002,SUP017,2025-08-11,217,2025-08-16
PO0590,P002,SUP005,2025-08-12,208,2025-08-17
PO0591,P003,SUP031,2025-08-13,213,2025-08-18
PO0592,P001,SUP033,2025-08-14,428,2025-08-19
PO0593,P001,SUP006,2025-08-15,223,2025-08-20
PO0594,P002,SUP042,2025-08-16,145,2025-08-21
PO0595,P003,SUP035,2025-08-17,360,2025-08-22
PO0596,P001,SUP003,2025-08-18,216,2025-08-23
PO0597,P002,SUP015,2025-08-19,363,2025-08-24
PO0598,P005,SUP049,2025-08-20,109,2025-08-25
PO0599,P002,SUP004,2025-08-21,253,2025-08-26
PO0600,P001,SUP011,2025-08-22,365,2025-08-27
PO0601,P005,SUP050,2025-08-23,199,2025-08-28
PO0602,P005,SUP002,2025-08-24,392,2025-08-29
PO0603,P003,SUP004,2025-08-25,424,2025-08-30
PO0604,P003,SUP030,2025-08-26,190,2025-08-31
PO0605,P002,SUP034,2025-08-27,127,2025-09-01
PO0606,P001,SUP023,2025-08-28,328,2025-09-02
PO0607,P004,SUP022,2025-08-29,213,2025-09-03
PO0608,P005,SUP011,2025-08-30,159,2025-09-04
PO0609,P004,SUP003,2025-08-31,197,2025-09-05
PO0610,P001,SUP017,2025-09-01,440,2025-09-06
PO0611,P003,SUP048,2025-09-02,255,2025-09-07
PO0612,P005,SUP043,2025-09-03,427,2025-09-08
PO0613,P001,SUP035,2025-09-04,411,2025-09-09
PO0614,P001,SUP026,2025-09-05,356,2025-09-10
PO0615,P002,SUP020,2025-09-06,212,2025-09-11
PO0616,P004,SUP039,2025-09-07,129,2025-09-12
PO0617,P001,SUP028,2025-09-08,294,2025-09-13
PO0618,P003,SUP040,2025-09-09,360,2025-09-14
PO0619,P005,SUP019,2025-09-10,353,2025-09-15
PO0620,P004,SUP004,2025-09-11,485,2025-09-16
PO0621,P001,SUP003,2025-09-12,203,2025-09-17
PO0622,P004,SUP047,2025-09-13,112,2025-09-18
PO0623,P003,SUP018,2025-09-14,401,2025-09-19
PO0624,P001,SUP047,2025-09-15,246,2025-09-20
PO0625,P003,SUP004,2025-09-16,93,2025-09-21
PO0626,P002,SUP035,2025-09-17,81,2025-09-22
PO0627,P004,SUP006,2025-09-18,177,2025-09-23
PO0628,P005,SUP022,2025-09-19,417,2025-09-24
PO0629,P001,SUP016,2025-09-20,400,2025-09-25
PO0630,P002,SUP012,2025-09-21,467,2025-09-26
PO0631,P002,SUP040,2025-09-22,388,2025-09-27
PO0632,P002,SUP020,2025-09-23,84,2025-09-28
PO0633,P004,SUP018,2025-09-24,119,2025-09-29
PO0634,P001,SUP037,2025-09-25,387,2025-09-30
PO0635,P005,SUP002,2025-09-26,108,2025-10-01
PO0636,P001,SUP012,2025-09-27,113,2025-10-02
PO0637,P001,SUP030,2025-09-28,188,2025-10-03
PO0638,P005,SUP009,2025-09-29,309,2025-10-04
PO0639,P002,SUP021,2025-09-30,81,2025-10-05
PO0640,P003,SUP028,2025-10-01,480,2025-10-06
PO0641,P002,SUP001,2025-10-02,491,2025-10-07
PO0642,P004,SUP030,2025-10-03,76,2025-10-08
PO0643,P003,SUP005,2025-10-04,269,2025-10-09
PO0644,P005,SUP040,2025-10-05,100,2025-10-10
PO0645,P004,SUP021,2025-10-06,106,2025-10-11
PO0646,P003,SUP050,2025-10-07,478,2025-10-12
PO0647,P002,SUP028,2025-10-08,445,2025-10-13
PO0648,P002,SUP008,2025-10-09,269,2025-10-14
PO0649,P002,SUP029,2025-10-10,147,2025-10-15
PO0650,P005,SUP005,2025-10-11,193,2025-10-16
PO0651,P001,SUP030,2025-10-12,50,2025-10-17
PO0652,P005,SUP033,2025-10-13,138,2025-10-18
PO0653,P005,SUP026,2025-10-14,457,2025-10-19
PO0654,P001,SUP029,2025-10-15,273,2025-10-20
PO0655,P005,SUP027,2025-10-16,283,2025-10-21
PO0656,P005,SUP019,2025-10-17,101,2025-10-22
PO0657,P004,SUP032,2025-10-18,79,2025-10-23
PO0658,P004,SUP028,2025-10-19,384,2025-10-24
PO0659,P001,SUP021,2025-10-20,356,2025-10-25
PO0660,P003,SUP007,2025-10-21,120,2025-10-26
PO0661,P001,SUP002,2025-10-22,66,2025-10-27
PO0662,P005,SUP038,2025-10-23,486,2025-10-28
PO0663,P005,SUP046,2025-10-24,438,2025-10-29
PO0664,P005,SUP038,2025-10-25,280,2025-10-30
PO0665,P004,SUP040,2025-10-26,481,2025-10-31
PO0666,P001,SUP005,2025-10-27,449,2025-11-01
PO0667,P003,SUP005,2025-10-28,354,2025-11-02
PO0668,P005,SUP010,2025-10-29,402,2025-11-03
PO0669,P001,SUP025,2025-10-30,241,2025-11-04
PO0670,P003,SUP025,2025-10-31,117,2025-11-05
PO0671,P001,SUP011,2025-11-01,107,2025-11-06
PO0672,P001,SUP033,2025-11-02,78,2025-11-07
PO0673,P005,SUP033,2025-11-03,175,2025-11-08
PO0674,P002,SUP011,2025-11-04,452,2025-11-09
PO0675,P005,SUP008,2025-11-05,298,2025-11-10
PO0676,P001,SUP012,2025-11-06,373,2025-11-11
PO0677,P003,SUP022,2025-11-07,215,2025-11-12
PO0678,P003,SUP004,2025-11-08,131,2025-11-13
PO0679,P001,SUP037,2025-11-09,93,2025-11-14
PO0680,P002,SUP021,2025-11-10,449,2025-11-15
PO0681,P005,SUP045,2025-11-11,218,2025-11-16
PO0682,P004,SUP024,2025-11-12,462,2025-11-17
PO0683,P002,SUP016,2025-11-13,428,2025-11-18
PO0684,P003,SUP026,2025-11-14,384,2025-11-19
PO0685,P001,SUP040,2025-11-15,309,2025-11-20
PO0686,P003,SUP045,2025-11-16,293,2025-11-21
PO0687,P003,SUP004,2025-11-17,491,2025-11-22
PO0688,P002,SUP022,2025-11-18,298,2025-11-23
PO0689,P004,SUP003,2025-11-19,310,2025-11-24
PO0690,P004,SUP041,2025-11-20,217,2025-11-25
PO0691,P003,SUP039,2025-11-21,95,2025-11-26
PO0692,P005,SUP029,2025-11-22,490,2025-11-27
PO0693,P005,SUP004,2025-11-23,233,2025-11-28
PO0694,P004,SUP007,2025-11-24,237,2025-11-29
PO0695,P005,SUP050,2025-11-25,325,2025-11-30
PO0696,P005,SUP041,2025-11-26,454,2025-12-01
PO0697,P004,SUP048,2025-11-27,116,2025-12-02
PO0698,P005,SUP049,2025-11-28,217,2025-12-03
PO0699,P002,SUP015,2025-11-29,396,2025-12-04
PO0700,P005,SUP046,2025-11-30,395,2025-12-05
PO0701,P005,SUP005,2025-12-01,65,2025-12-06
PO0702,P001,SUP031,2025-12-02,133,2025-12-07
PO0703,P003,SUP042,2025-12-03,360,2025-12-08
PO0704,P003,SUP041,2025-12-04,220,2025-12-09
PO0705,P001,SUP035,2025-12-05,336,2025-12-10
PO0706,P001,SUP028,2025-12-06,396,2025-12-11
PO0707,P004,SUP001,2025-12-07,340,2025-12-12
PO0708,P001,SUP008,2025-12-08,325,2025-12-13
PO0709,P005,SUP008,2025-12-09,175,2025-12-14
PO0710,P003,SUP008,2025-12-10,390,2025-12-15
PO0711,P002,SUP004,2025-12-11,368,2025-12-16
PO0712,P004,SUP005,2025-12-12,302,2025-12-17
PO0713,P003,SUP050,2025-12-13,176,2025-12-18
PO0714,P005,SUP050,2025-12-14,417,2025-12-19
PO0715,P003,SUP046,2025-12-15,408,2025-12-20
PO0716,P003,SUP040,2025-12-16,233,2025-12-21
PO0717,P005,SUP022,2025-12-17,295,2025-12-22
PO0718,P001,SUP013,2025-12-18,451,2025-12-23
PO0719,P003,SUP017,2025-12-19,166,2025-12-24
PO0720,P002,SUP040,2025-12-20,175,2025-12-25
PO0721,P004,SUP025,2025-12-21,276,2025-12-26
PO0722,P004,SUP043,2025-12-22,382,2025-12-27
PO0723,P005,SUP001,2025-12-23,440,2025-12-28
PO0724,P002,SUP036,2025-12-24,276,2025-12-29
PO0725,P002,SUP003,2025-12-25,83,2025-12-30
PO0726,P004,SUP008,2025-12-26,175,2025-12-31
PO0727,P002,SUP029,2025-12-27,286,2026-01-01
PO0728,P001,SUP016,2025-12-28,150,2026-01-02
PO0729,P003,SUP015,2025-12-29,188,2026-01-03
PO0730,P002,SUP037,2025-12-30,281,2026-01-04
PO0731,P003,SUP007,2025-12-31,281,2026-01-05
PO0732,P004,SUP018,2026-01-01,146,2026-01-06
PO0733,P001,SUP019,2026-01-02,171,2026-01-07
PO0734,P005,SUP013,2026-01-03,312,2026-01-08
PO0735,P004,SUP020,2026-01-04,200,2026-01-09
PO0736,P001,SUP045,2026-01-05,497,2026-01-10
PO0737,P004,SUP050,2026-01-06,195,2026-01-11
PO0738,P003,SUP016,2026-01-07,329,2026-01-12
PO0739,P002,SUP011,2026-01-08,115,2026-01-13
PO0740,P001,SUP024,2026-01-09,328,2026-01-14
PO0741,P005,SUP029,2026-01-10,389,2026-01-15
PO0742,P001,SUP038,2026-01-11,193,2026-01-16
PO0743,P002,SUP036,2026-01-12,140,2026-01-17
PO0744,P002,SUP016,2026-01-13,320,2026-01-18
PO0745,P005,SUP005,2026-01-14,385,2026-01-19
PO0746,P001,SUP043,2026-01-15,345,2026-01-20
PO0747,P003,SUP032,2026-01-16,355,2026-01-21
PO0748,P004,SUP032,2026-01-17,232,2026-01-22
PO0749,P004,SUP009,2026-01-18,449,2026-01-23
PO0750,P004,SUP014,2026-01-19,331,2026-01-24
PO0751,P002,SUP048,2026-01-20,197,2026-01-25
PO0752,P005,SUP029,2026-01-21,430,2026-01-26
PO0753,P002,SUP048,2026-01-22,309,2026-01-27
PO0754,P004,SUP046,2026-01-23,168,2026-01-28
PO0755,P002,SUP029,2026-01-24,298,2026-01-29
PO0756,P005,SUP023,2026-01-25,325,2026-01-30
PO0757,P002,SUP047,2026-01-26,125,2026-01-31
PO0758,P001,SUP035,2026-01-27,64,2026-02-01
PO0759,P003,SUP001,2026-01-28,499,2026-02-02
PO0760,P003,SUP004,2026-01-29,464,2026-02-03
PO0761,P004,SUP034,2026-01-30,59,2026-02-04
PO0762,P001,SUP032,2026-01-31,111,2026-02-05
PO0763,P003,SUP046,2026-02-01,150,2026-02-06
PO0764,P003,SUP031,2026-02-02,441,2026-02-07
PO0765,P002,SUP050,2026-02-03,127,2026-02-08
PO0766,P005,SUP016,2026-02-04,397,2026-02-09
PO0767,P004,SUP037,2026-02-05,217,2026-02-10
PO0768,P003,SUP012,2026-02-06,150,2026-02-11
PO0769,P002,SUP019,2026-02-07,205,2026-02-12
PO0770,P005,SUP014,2026-02-08,439,2026-02-13
PO0771,P005,SUP034,2026-02-09,313,2026-02-14
PO0772,P002,SUP045,2026-02-10,466,2026-02-15
PO0773,P004,SUP035,2026-02-11,290,2026-02-16
PO0774,P002,SUP026,2026-02-12,198,2026-02-17
PO0775,P003,SUP022,2026-02-13,65,2026-02-18
PO0776,P003,SUP009,2026-02-14,178,2026-02-19
PO0777,P001,SUP010,2026-02-15,498,2026-02-20
PO0778,P003,SUP027,2026-02-16,410,2026-02-21
PO0779,P001,SUP013,2026-02-17,324,2026-02-22
PO0780,P002,SUP020,2026-02-18,343,2026-02-23
PO0781,P002,SUP040,2026-02-19,196,2026-02-24
PO0782,P002,SUP005,2026-02-20,227,2026-02-25
PO0783,P005,SUP039,2026-02-21,345,2026-02-26
PO0784,P001,SUP025,2026-02-22,322,2026-02-27
PO0785,P004,SUP046,2026-02-23,291,2026-02-28
PO0786,P005,SUP023,2026-02-24,199,2026-03-01
PO0787,P002,SUP026,2026-02-25,245,2026-03-02
PO0788,P002,SUP048,2026-02-26,395,2026-03-03
PO0789,P004,SUP044,2026-02-27,152,2026-03-04
PO0790,P002,SUP017,2026-02-28,445,2026-03-05
PO0791,P004,SUP018,2026-03-01,418,2026-03-06
PO0792,P004,SUP016,2026-03-02,284,2026-03-07
PO0793,P002,SUP008,2026-03-03,384,2026-03-08
PO0794,P003,SUP008,2026-03-04,61,2026-03-09
PO0795,P005,SUP048,2026-03-05,208,2026-03-10
PO0796,P005,SUP030,2026-03-06,341,2026-03-11
PO0797,P003,SUP031,2026-03-07,392,2026-03-12
PO0798,P001,SUP023,2026-03-08,430,2026-03-13
PO0799,P002,SUP009,2026-03-09,358,2026-03-14
PO0800,P002,SUP032,2026-03-10,300,2026-03-15
PO0801,P003,SUP012,2026-03-11,140,2026-03-16
PO0802,P005,SUP018,2026-03-12,470,2026-03-17
PO0803,P002,SUP007,2026-03-13,475,2026-03-18
PO0804,P002,SUP048,2026-03-14,403,2026-03-19
PO0805,P002,SUP045,2026-03-15,171,2026-03-20
PO0806,P002,SUP006,2026-03-16,482,2026-03-21
PO0807,P004,SUP014,2026-03-17,297,2026-03-22
PO0808,P002,SUP044,2026-03-18,465,2026-03-23
PO0809,P004,SUP017,2026-03-19,69,2026-03-24
PO0810,P003,SUP050,2026-03-20,419,2026-03-25
PO0811,P002,SUP037,2026-03-21,263,2026-03-26
PO0812,P005,SUP039,2026-03-22,485,2026-03-27
PO0813,P004,SUP023,2026-03-23,352,2026-03-28
PO0814,P004,SUP026,2026-03-24,165,2026-03-29
PO0815,P001,SUP035,2026-03-25,304,2026-03-30
PO0816,P002,SUP031,2026-03-26,168,2026-03-31
PO0817,P005,SUP031,2026-03-27,61,2026-04-01
PO0818,P002,SUP008,2026-03-28,369,2026-04-02
PO0819,P001,SUP008,2026-03-29,340,2026-04-03
PO0820,P001,SUP025,2026-03-30,309,2026-04-04
PO0821,P002,SUP006,2026-03-31,371,2026-04-05
PO0822,P005,SUP019,2026-04-01,94,2026-04-06
PO0823,P001,SUP044,2026-04-02,191,2026-04-07
PO0824,P001,SUP019,2026-04-03,189,2026-04-08
PO0825,P005,SUP034,2026-04-04,254,2026-04-09
PO0826,P002,SUP032,2026-04-05,67,2026-04-10
PO0827,P004,SUP029,2026-04-06,309,2026-04-11
PO0828,P001,SUP008,2026-04-07,269,2026-04-12
PO0829,P001,SUP025,2026-04-08,62,2026-04-13
PO0830,P003,SUP038,2026-04-09,206,2026-04-14
PO0831,P001,SUP044,2026-04-10,221,2026-04-15
PO0832,P005,SUP035,2026-04-11,370,2026-04-16
PO0833,P005,SUP002,2026-04-12,269,2026-04-17
PO0834,P001,SUP031,2026-04-13,434,2026-04-18
PO0835,P001,SUP029,2026-04-14,223,2026-04-19
PO0836,P005,SUP037,2026-04-15,360,2026-04-20
PO0837,P004,SUP047,2026-04-16,217,2026-04-21
PO0838,P003,SUP028,2026-04-17,334,2026-04-22
PO0839,P005,SUP011,2026-04-18,120,2026-04-23
PO0840,P003,SUP033,2026-04-19,311,2026-04-24
PO0841,P002,SUP050,2026-04-20,140,2026-04-25
PO0842,P004,SUP020,2026-04-21,96,2026-04-26
PO0843,P002,SUP010,2026-04-22,368,2026-04-27
PO0844,P001,SUP037,2026-04-23,91,2026-04-28
PO0845,P004,SUP005,2026-04-24,138,2026-04-29
PO0846,P004,SUP004,2026-04-25,217,2026-04-30
PO0847,P005,SUP039,2026-04-26,202,2026-05-01
PO0848,P004,SUP025,2026-04-27,212,2026-05-02
PO0849,P003,SUP048,2026-04-28,343,2026-05-03
PO0850,P003,SUP008,2026-04-29,367,2026-05-04
PO0851,P003,SUP032,2026-04-30,490,2026-05-05
PO0852,P001,SUP001,2026-05-01,109,2026-05-06
PO0853,P005,SUP028,2026-05-02,81,2026-05-07
PO0854,P003,SUP025,2026-05-03,483,2026-05-08
PO0855,P005,SUP005,2026-05-04,355,2026-05-09
PO0856,P003,SUP023,2026-05-05,484,2026-05-10
PO0857,P002,SUP015,2026-05-06,380,2026-05-11
PO0858,P001,SUP029,2026-05-07,227,2026-05-12
PO0859,P002,SUP049,2026-05-08,361,2026-05-13
PO0860,P002,SUP003,2026-05-09,105,2026-05-14
PO0861,P004,SUP010,2026-05-10,491,2026-05-15
PO0862,P002,SUP035,2026-05-11,241,2026-05-16
PO0863,P003,SUP017,2026-05-12,89,2026-05-17
PO0864,P002,SUP048,2026-05-13,248,2026-05-18
PO0865,P001,SUP028,2026-05-14,169,2026-05-19
PO0866,P003,SUP022,2026-05-15,286,2026-05-20
PO0867,P004,SUP041,2026-05-16,211,2026-05-21
PO0868,P002,SUP013,2026-05-17,166,2026-05-22
PO0869,P001,SUP032,2026-05-18,70,2026-05-23
PO0870,P005,SUP022,2026-05-19,263,2026-05-24
PO0871,P002,SUP035,2026-05-20,319,2026-05-25
PO0872,P005,SUP028,2026-05-21,88,2026-05-26
PO0873,P003,SUP034,2026-05-22,201,2026-05-27
PO0874,P005,SUP029,2026-05-23,163,2026-05-28
PO0875,P005,SUP032,2026-05-24,264,2026-05-29
PO0876,P003,SUP005,2026-05-25,432,2026-05-30
PO0877,P004,SUP017,2026-05-26,318,2026-05-31
PO0878,P003,SUP045,2026-05-27,113,2026-06-01
PO0879,P004,SUP048,2026-05-28,452,2026-06-02
PO0880,P003,SUP021,2026-05-29,186,2026-06-03
PO0881,P003,SUP006,2026-05-30,95,2026-06-04
PO0882,P001,SUP049,2026-05-31,455,2026-06-05
PO0883,P004,SUP033,2026-06-01,456,2026-06-06
PO0884,P002,SUP028,2026-06-02,223,2026-06-07
PO0885,P002,SUP037,2026-06-03,75,2026-06-08
PO0886,P005,SUP047,2026-06-04,156,2026-06-09
PO0887,P003,SUP026,2026-06-05,227,2026-06-10
PO0888,P001,SUP044,2026-06-06,171,2026-06-11
PO0889,P004,SUP003,2026-06-07,380,2026-06-12
PO0890,P002,SUP046,2026-06-08,257,2026-06-13
PO0891,P001,SUP024,2026-06-09,307,2026-06-14
PO0892,P003,SUP008,2026-06-10,486,2026-06-15
PO0893,P001,SUP023,2026-06-11,91,2026-06-16
PO0894,P004,SUP023,2026-06-12,433,2026-06-17
PO0895,P003,SUP037,2026-06-13,457,2026-06-18
PO0896,P002,SUP048,2026-06-14,431,2026-06-19
PO0897,P003,SUP012,2026-06-15,241,2026-06-20
PO0898,P003,SUP028,2026-06-16,278,2026-06-21
PO0899,P005,SUP008,2026-06-17,252,2026-06-22
PO0900,P004,SUP027,2026-06-18,146,2026-06-23
PO0901,P001,SUP035,2026-06-19,444,2026-06-24
PO0902,P002,SUP002,2026-06-20,361,2026-06-25
PO0903,P004,SUP039,2026-06-21,465,2026-06-26
PO0904,P001,SUP015,2026-06-22,195,2026-06-27
PO0905,P005,SUP018,2026-06-23,201,2026-06-28
PO0906,P004,SUP013,2026-06-24,131,2026-06-29
PO0907,P001,SUP005,2026-06-25,443,2026-06-30
PO0908,P003,SUP030,2026-06-26,184,2026-07-01
PO0909,P004,SUP006,2026-06-27,424,2026-07-02
PO0910,P001,SUP044,2026-06-28,322,2026-07-03
PO0911,P002,SUP019,2026-06-29,152,2026-07-04
PO0912,P005,SUP001,2026-06-30,264,2026-07-05
PO0913,P003,SUP047,2026-07-01,55,2026-07-06
PO0914,P003,SUP048,2026-07-02,173,2026-07-07
PO0915,P002,SUP021,2026-07-03,255,2026-07-08
PO0916,P005,SUP047,2026-07-04,243,2026-07-09
PO0917,P004,SUP012,2026-07-05,292,2026-07-10
PO0918,P002,SUP044,2026-07-06,190,2026-07-11
PO0919,P001,SUP008,2026-07-07,162,2026-07-12
PO0920,P003,SUP011,2026-07-08,483,2026-07-13
PO0921,P002,SUP011,2026-07-09,266,2026-07-14
PO0922,P001,SUP046,2026-07-10,174,2026-07-15
PO0923,P005,SUP008,2026-07-11,186,2026-07-16
PO0924,P004,SUP001,2026-07-12,277,2026-07-17
PO0925,P001,SUP034,2026-07-13,285,2026-07-18
PO0926,P005,SUP040,2026-07-14,268,2026-07-19
PO0927,P003,SUP037,2026-07-15,134,2026-07-20
PO0928,P001,SUP032,2026-07-16,499,2026-07-21
PO0929,P002,SUP028,2026-07-17,190,2026-07-22
PO0930,P002,SUP020,2026-07-18,377,2026-07-23
PO0931,P001,SUP041,2026-07-19,436,2026-07-24
PO0932,P004,SUP034,2026-07-20,89,2026-07-25
PO0933,P001,SUP023,2026-07-21,495,2026-07-26
PO0934,P004,SUP014,2026-07-22,433,2026-07-27
PO0935,P003,SUP045,2026-07-23,357,2026-07-28
PO0936,P004,SUP022,2026-07-24,397,2026-07-29
PO0937,P002,SUP014,2026-07-25,378,2026-07-30
PO0938,P005,SUP005,2026-07-26,263,2026-07-31
PO0939,P005,SUP029,2026-07-27,138,2026-08-01
PO0940,P002,SUP015,2026-07-28,304,2026-08-02
PO0941,P001,SUP005,2026-07-29,121,2026-08-03
PO0942,P002,SUP038,2026-07-30,307,2026-08-04
PO0943,P004,SUP011,2026-07-31,141,2026-08-05
PO0944,P003,SUP029,2026-08-01,408,2026-08-06
PO0945,P003,SUP005,2026-08-02,129,2026-08-07
PO0946,P003,SUP033,2026-08-03,100,2026-08-08
PO0947,P001,SUP027,2026-08-04,263,2026-08-09
PO0948,P005,SUP041,2026-08-05,489,2026-08-10
PO0949,P004,SUP015,2026-08-06,181,2026-08-11
PO0950,P004,SUP031,2026-08-07,243,2026-08-12
PO0951,P004,SUP047,2026-08-08,474,2026-08-13
PO0952,P004,SUP013,2026-08-09,123,2026-08-14
PO0953,P004,SUP003,2026-08-10,472,2026-08-15
PO0954,P005,SUP049,2026-08-11,251,2026-08-16
PO0955,P002,SUP010,2026-08-12,108,2026-08-17
PO0956,P003,SUP046,2026-08-13,115,2026-08-18
PO0957,P003,SUP045,2026-08-14,433,2026-08-19
PO0958,P002,SUP041,2026-08-15,156,2026-08-20
PO0959,P002,SUP016,2026-08-16,91,2026-08-21
PO0960,P005,SUP032,2026-08-17,395,2026-08-22
PO0961,P003,SUP034,2026-08-18,207,2026-08-23
PO0962,P005,SUP038,2026-08-19,483,2026-08-24
PO0963,P004,SUP040,2026-08-20,149,2026-08-25
PO0964,P003,SUP004,2026-08-21,79,2026-08-26
PO0965,P005,SUP019,2026-08-22,153,2026-08-27
PO0966,P005,SUP043,2026-08-23,390,2026-08-28
PO0967,P004,SUP050,2026-08-24,56,2026-08-29
PO0968,P004,SUP023,2026-08-25,181,2026-08-30
PO0969,P004,SUP047,2026-08-26,52,2026-08-31
PO0970,P005,SUP017,2026-08-27,155,2026-09-01
PO0971,P004,SUP040,2026-08-28,332,2026-09-02
PO0972,P002,SUP011,2026-08-29,482,2026-09-03
PO0973,P005,SUP031,2026-08-30,318,2026-09-04
PO0974,P001,SUP027,2026-08-31,162,2026-09-05
PO0975,P005,SUP014,2026-09-01,142,2026-09-06
PO0976,P004,SUP034,2026-09-02,469,2026-09-07
PO0977,P005,SUP010,2026-09-03,314,2026-09-08
PO0978,P004,SUP026,2026-09-04,237,2026-09-09
PO0979,P005,SUP022,2026-09-05,460,2026-09-10
PO0980,P005,SUP034,2026-09-06,50,2026-09-11
PO0981,P004,SUP011,2026-09-07,496,2026-09-12
PO0982,P001,SUP009,2026-09-08,248,2026-09-13
PO0983,P002,SUP014,2026-09-09,387,2026-09-14
PO0984,P001,SUP049,2026-09-10,159,2026-09-15
PO0985,P002,SUP008,2026-09-11,341,2026-09-16
PO0986,P005,SUP020,2026-09-12,109,2026-09-17
PO0987,P003,SUP045,2026-09-13,482,2026-09-18
PO0988,P005,SUP019,2026-09-14,84,2026-09-19
PO0989,P004,SUP029,2026-09-15,299,2026-09-20
PO0990,P002,SUP008,2026-09-16,324,2026-09-21
PO0991,P004,SUP032,2026-09-17,50,2026-09-22
PO0992,P005,SUP045,2026-09-18,366,2026-09-23
PO0993,P003,SUP022,2026-09-19,81,2026-09-24
PO0994,P001,SUP048,2026-09-20,109,2026-09-25
PO0995,P002,SUP050,2026-09-21,371,2026-09-26
PO0996,P003,SUP035,2026-09-22,311,2026-09-27
PO0997,P001,SUP002,2026-09-23,440,2026-09-28
PO0998,P004,SUP029,2026-09-24,297,2026-09-29
PO0999,P004,SUP034,2026-09-25,498,2026-09-30
PO1000,P003,SUP014,2026-09-26,364,2026-10-01
